emp_id,name,address,salary,dob,nin,department,emergency_name,emergency_relationship,emergency_phone
22-3708071,Rab Feast,9503 Buell Drive,"£30,397.56 ",01/04/1986,rb499211c,HR,Jereme Slayford,Girlfriend,07721 065 357
49-2217652,Georas Divisek,25 Moulton Lane,"£87,452.13 ",10/05/1951,ht175666x,Packager,Nessy Panting,Civil Partner,07326 502 172
40-5288701,Ame Balser,2282 Sutteridge Lane,"£71,557.80 ",22/01/1998,dt545040m,Packager,Kipp Lavens,Boyfriend,07489 365 686
78-6321379,Thea Bradborne,3118 Lien Circle,"£35,665.99 ",27/09/1967,vb943949c,Driver,Theo Sheard,Mother,07356 401 825
41-3659990,Ruperta Stobie,2825 Pepper Wood Center,"£83,681.20 ",17/09/1976,qf137469l,Packager,Joly Doram,Girlfriend,07106 575 891
43-8492699,Hortense Berecloth,2 Barby Parkway,"£38,548.00 ",29/07/1987,zt656754o,Driver,Baird Fingleton,Boyfriend,07789 751 694
68-4171892,Yoshi Peakman,641 Warner Point,"£20,293.38 ",06/03/1953,to907441w,Packager,Patty Horsburgh,Husband,07924 918 978
72-5913162,Rudolfo Norridge,22 Golf Court,"£37,428.03 ",24/08/1968,du615694i,Packager,Frazier Snelman,Boyfriend,07235 513 354
07-4517183,Rochell O'Doohaine,1802 Hayes Court,"£25,471.21 ",08/11/1973,rz111360g,Packager,Regan Yarn,Mother,07967 811 408
55-0320348,Granville McKitterick,04 Rieder Parkway,"£83,664.78 ",20/02/1965,dr180938w,Driver,Zita Stanborough,Mother,07532 693 273
59-8314806,Scotty Keson,14 Kipling Point,"£67,107.29 ",12/08/1967,gx924268x,Packager,Norrie Aggis,Husband,07390 692 263
66-0739491,Latashia McGaugan,1386 Artisan Parkway,"£58,941.46 ",08/07/1992,nz662678p,Manager,Eada Silmon,Wife,07007 182 872
98-1678319,Lamar Chesters,2234 Heffernan Place,"£97,090.47 ",01/02/1952,wh660279o,Driver,Maryjo Elgie,Wife,07007 723 133
30-1322103,Earl Wagerfield,34 Lillian Center,"£91,770.28 ",05/04/1998,zw251674d,Packager,Bastian Walliker,Civil Partner,07695 349 556
31-7167962,Emanuele Strickland,3772 Dawn Drive,"£15,549.15 ",14/04/1967,qy726870d,HR,Winfred Moncey,Wife,07510 608 683
05-1945849,Cherilyn Jepps,062 Nevada Parkway,"£85,550.33 ",30/10/1971,xz796669h,Driver,Michaelina Brahms,Civil Partner,07996 211 011
36-7073092,Thelma Wilkie,113 Badeau Plaza,"£32,280.23 ",01/10/1984,bl221585z,Packager,Tabbitha Shemmans,Wife,07625 474 049
86-2503827,Nikola Henbury,8116 Erie Junction,"£95,300.54 ",28/03/1968,cz046288u,Driver,Jone Tatersale,Mother,07761 255 990
29-7832408,Lexine Joney,73817 Muir Court,"£19,232.41 ",07/04/1974,pk696816m,Packager,Quinn Goodfellow,Husband,07755 486 861
35-8208617,Sayre Simnel,761 Kennedy Lane,"£72,894.00 ",19/05/1952,jr596419t,Packager,Flory Billham,Husband,07184 248 686
43-2037577,Leisha Mieville,027 Clarendon Center,"£68,826.28 ",23/11/1950,nj080641o,Driver,Alyosha Halewood,Boyfriend,07204 386 023
50-9092071,Jodie Busswell,8 Pepper Wood Avenue,"£14,441.41 ",07/12/1958,qz236393m,Packager,Simone Kitchenman,Father,07958 325 944
75-6520267,Truda Edleston,37994 Green Ridge Drive,"£23,646.90 ",07/03/1966,lp500272n,Driver,Tyler Rowsell,Wife,07753 973 466
12-5128654,Hadlee Stealey,0 4th Court,"£52,510.07 ",17/11/1997,tf577069v,Packager,Renee Kubatsch,Mother,07643 213 336
10-4168432,Robinetta Triswell,5 Independence Trail,"£74,033.43 ",29/09/1956,eu934314q,Packager,Ivett Rapier,Boyfriend,07016 239 710
85-7718619,Rhody Yaxley,90344 Merrick Crossing,"£98,055.42 ",24/01/1983,of102924m,HR,Margot Santos,Girlfriend,07915 649 295
61-9391449,Lester Carmo,6 Buell Trail,"£37,061.26 ",02/02/1997,mt812263o,Driver,Alis Plaster,Father,07547 928 939
59-6274425,Talbert Abbotts,29565 Jenifer Court,"£92,884.08 ",13/08/1996,ae100121f,Packager,Jon McAlester,Husband,07015 001 355
53-7191465,Delila Folland,5993 Warner Park,"£32,281.47 ",27/11/1955,vk993165i,Driver,Cori Phillipps,Husband,07572 306 041
30-2374884,Felicdad Escala,26 Holy Cross Place,"£22,260.80 ",27/11/1976,ei636866y,Driver,Alonzo Whilder,Boyfriend,07404 498 162
40-0786243,Oswell Beddingham,12989 Village Green Street,"£97,980.89 ",24/04/1953,lh106861m,HR,Leslie Keningham,Father,07765 606 938
50-0945563,Ashbey England,3 Oneill Crossing,"£66,223.46 ",18/09/1979,uj306006a,Driver,Tim Stiff,Girlfriend,07764 772 037
45-3951342,Chris Skittrell,174 Namekagon Court,"£80,039.37 ",23/08/1986,io334297g,HR,Arthur Landsborough,Mother,07679 670 222
66-7576883,Dur Janodet,91175 Northland Hill,"£54,589.37 ",17/04/1950,jd412382q,Driver,Golda Preston,Father,07636 377 875
06-9710935,Wileen Elwell,82 Tennyson Alley,"£78,678.52 ",21/09/1991,no969473z,Packager,Stevy Cestard,Husband,07510 562 958
14-1209073,Cheri Cancellieri,97763 Anhalt Way,"£62,678.28 ",07/09/1993,fj377449j,Driver,Leesa Bonhome,Wife,07668 929 915
71-7374760,Alfie Dean,15 Mccormick Point,"£21,930.10 ",10/03/1963,lh444635g,Packager,Godard Klimmek,Wife,07219 099 770
67-5029558,Gianina Leppington,1 Jenifer Park,"£77,499.37 ",27/05/1979,ve628368y,HR,Joycelin Mushet,Father,07772 470 745
98-4762907,Nari Crawshaw,40 Debra Center,"£91,733.92 ",21/03/1992,kd444344u,Driver,Ewart Benton,Civil Partner,07888 475 034
69-0803348,Editha Anney,271 Browning Plaza,"£67,023.77 ",23/08/2001,mk604551h,Driver,Lloyd Pidon,Boyfriend,07416 146 403
03-3544565,Feodor Inge,5 Knutson Plaza,"£91,614.47 ",03/12/1961,en390360s,Packager,Nolie Turfitt,Boyfriend,07872 652 134
90-1403954,Jeffy Camel,067 Columbus Street,"£78,815.19 ",19/11/1987,ql321121l,Packager,Vinnie Parr,Father,07792 234 252
76-3367992,Pammy Sterling,466 Northfield Alley,"£86,046.49 ",21/04/1966,sj533699h,Driver,Milty Corney,Husband,07432 348 532
20-2758343,Harrison Waller-Bridge,73899 Sachtjen Alley,"£39,846.48 ",25/04/1991,dw797814s,HR,Alaine Gozney,Girlfriend,07874 802 135
05-1128789,Paulita Casewell,18 Riverside Trail,"£73,099.76 ",15/06/1995,ds948250k,Driver,Bambie Bennell,Father,07411 921 600
33-7614004,Modesty Chicchelli,74 Bashford Pass,"£23,376.55 ",22/01/1961,zz664726s,Packager,Antoine De Caville,Father,07676 274 711
41-6555988,Marwin Raybould,925 Novick Lane,"£51,081.29 ",31/05/1983,dp016938u,HR,Margette Osman,Girlfriend,07794 678 823
16-0283796,Delphinia Skelhorn,115 Cody Point,"£91,026.23 ",29/08/1969,mx935884p,Driver,Zita Greasty,Father,07672 610 977
90-0686303,Ludovika Blucher,0141 Forest Alley,"£59,728.01 ",13/01/1956,sk016695u,Packager,Wain Savine,Civil Partner,07473 391 474
72-7823438,Adrienne Myall,9 Oneill Place,"£31,683.24 ",11/08/1972,uv348158a,Driver,Taylor Screach,Civil Partner,07029 866 049
29-6571924,Arne Bosson,77803 Messerschmidt Park,"£73,371.57 ",28/01/2001,ux813250n,Packager,Haroun Izakovitz,Husband,07369 136 446
75-0958781,Velvet Carbine,682 Kensington Drive,"£31,440.81 ",12/04/1987,of014519k,Driver,Lorri Elkington,Girlfriend,07692 074 959
83-4865660,Jase Fulk,80 Pennsylvania Center,"£90,529.95 ",29/03/1984,ak984038n,Manager,Rosabella Howlin,Father,07545 233 448
10-6127924,Joshuah Faircliffe,8 Merry Center,"£30,666.21 ",16/09/1992,ft026339d,Packager,Freddie Lorie,Husband,07975 207 662
63-9116461,Aylmer Gabbatiss,8828 Blue Bill Park Avenue,"£27,880.52 ",20/09/1950,qj799086z,HR,Paxton Aspole,Boyfriend,07789 380 331
52-0404205,Pierce Kemp,63008 Raven Place,"£82,902.41 ",29/06/1984,dd271029j,Packager,Seumas Ivantsov,Husband,07643 549 188
22-9529013,Reginauld Oak,8 Pleasure Drive,"£80,693.80 ",25/03/1955,ju954932e,Packager,Hieronymus Eldon,Mother,07315 598 289
58-8249246,Maggi Hamshar,92344 Main Avenue,"£34,269.41 ",19/04/1950,rb919501k,Driver,Theresina Tring,Civil Partner,07536 036 354
80-6524018,Ambur Challenor,2 Morning Crossing,"£47,033.97 ",17/09/1955,tn459758p,Packager,Eilis Domenici,Civil Partner,07141 393 691
30-3058947,Hettie Broadbent,5 Rowland Road,"£74,439.57 ",29/05/1950,an167975t,Packager,Paten Velten,Husband,07747 283 371
44-4915402,Phaidra Ivey,46 Toban Lane,"£61,580.95 ",02/01/1970,yg637206i,Driver,Franz Barribal,Mother,07304 601 591
39-4788866,Phillida Musicka,111 Twin Pines Center,"£84,543.42 ",22/10/1973,pg674068r,Packager,Coleen McPhater,Father,07695 675 287
60-9203590,Shoshana Downie,8416 Carberry Crossing,"£83,867.01 ",02/05/1998,ee740085i,Packager,Montague Giles,Girlfriend,07602 582 994
60-1691051,Winnah Gillott,40711 Dayton Plaza,"£48,040.51 ",31/12/1982,qv299811c,Packager,Amabelle McFaell,Mother,07406 136 450
67-7636850,Felice Plaide,0617 Daystar Drive,"£58,909.33 ",05/03/1953,vl606950t,Driver,Codee Hurndall,Boyfriend,07296 394 678
15-5837614,Loren Kupper,24 West Plaza,"£92,010.30 ",10/07/1999,tx310999b,Driver,Lazarus Pomeroy,Boyfriend,07288 097 464
45-6995640,Sigfrid Mankor,9773 Old Shore Way,"£12,758.05 ",13/07/1997,fi299116a,Driver,Troy Connock,Boyfriend,07603 307 243
97-9018441,Morganica Dracksford,867 Pierstorff Hill,"£91,483.69 ",03/08/1986,po115732f,Driver,Rorie Silverton,Civil Partner,07675 154 777
02-1151200,Bax Di Gregorio,34063 Fordem Way,"£76,631.69 ",13/01/1983,kt775367m,Driver,Eb Ludlem,Boyfriend,07258 306 130
62-6894804,Merrie Stayt,0 Manufacturers Alley,"£39,159.86 ",04/10/1995,cq847516d,Packager,Sumner Armer,Civil Partner,07124 699 528
99-0222188,Lonnie Niessen,754 Lien Road,"£95,600.64 ",12/04/1977,gb123108s,Packager,Ashley Jeenes,Wife,07512 219 266
29-5105992,Borg Szymanzyk,41 Amoth Crossing,"£77,828.80 ",26/02/1998,hm134578n,Driver,Bobby Breslin,Boyfriend,07156 132 741
11-9162644,Ninnette Reach,018 2nd Parkway,"£33,411.86 ",11/04/2002,qi586048l,Driver,Gerry Bastone,Boyfriend,07831 515 385
73-7147493,Chelsea Robertucci,94833 Northview Way,"£78,083.27 ",28/12/1956,df426741g,Driver,Alysa Bonavia,Husband,07998 104 368
16-1242322,Gris Elington,12 School Way,"£40,776.94 ",30/12/1963,sp696523t,Driver,Jon Guisby,Boyfriend,07770 964 956
09-4856118,Sofie Cavaney,12677 Northridge Alley,"£19,096.73 ",24/10/1966,hg982259y,Driver,Krisha Mingasson,Mother,07594 793 358
24-4677621,Derril Scaife,4 Tony Street,"£82,281.31 ",08/01/1965,qb596623c,Packager,Inness Hendrick,Father,07196 056 242
06-0280761,Odey Smeeth,46584 Kedzie Point,"£97,871.00 ",23/07/2000,rz638367h,HR,Troy Danielis,Boyfriend,07543 372 808
97-3138911,Alvina Paterno,09 Golf Drive,"£23,002.76 ",21/06/1986,ao592540g,Driver,Sal Bruckstein,Wife,07113 310 488
36-4580826,Olivia MacPhee,09 Saint Paul Point,"£85,391.76 ",01/02/1963,dj312271a,Driver,Trey Shannon,Husband,07275 260 538
93-5928498,Sukey Roddan,5 Gulseth Center,"£18,304.57 ",06/04/1979,ik578743b,Packager,Wanids Dunckley,Boyfriend,07415 773 406
75-8250680,Conney Ferras,43048 American Ash Hill,"£93,389.40 ",19/07/1993,us717372t,Packager,Dagmar Ranahan,Mother,07367 105 969
34-8601206,Dulcia Antonutti,9 Kingsford Plaza,"£61,015.90 ",19/07/1996,za364662q,Driver,Pandora Furnell,Husband,07519 157 083
59-1166943,Parker Filippov,9 Granby Terrace,"£65,946.54 ",05/03/1995,xp081647h,Packager,Rora Windross,Boyfriend,07964 139 091
17-5831110,Viviana Dreschler,3 Oak Terrace,"£56,587.83 ",28/11/1954,vx435216w,Driver,Hurley Nadin,Husband,07141 801 105
19-1277494,Perice Abramovitz,2354 Jenifer Place,"£55,612.48 ",30/09/1964,bs437833j,Packager,Sella Ronca,Civil Partner,07235 827 256
55-6072477,Waring Durkin,9597 Towne Center,"£82,140.98 ",07/03/1984,mg195096h,Packager,Paolina Rosenwasser,Wife,07405 739 948
42-0717807,Robin Bartkowiak,5559 Shelley Circle,"£89,053.24 ",14/07/1988,mu698813c,Packager,Rollo Olczak,Mother,07268 021 034
57-4162757,Beulah Vala,07601 Sunfield Hill,"£37,954.91 ",09/09/1951,ro435900h,Packager,Scarlet Maps,Girlfriend,07959 819 817
68-5871521,Bearnard Parysowna,60052 Monument Alley,"£85,175.33 ",08/09/1985,vg613456a,Driver,Ernestine Syne,Father,07699 779 427
57-7596762,Joelie Bacchus,0374 Pawling Hill,"£14,722.35 ",09/10/1978,ok001999u,Driver,Emmy Giraldo,Boyfriend,07456 139 081
94-4705277,Orton Willmore,4 Pine View Street,"£14,870.36 ",31/01/1985,xh603239m,Driver,Timothy Reck,Civil Partner,07149 504 735
63-6111701,Fayre Tomney,1506 Ryan Point,"£58,829.33 ",23/07/1979,ia005234g,Driver,Berty Brimblecomb,Girlfriend,07765 565 720
74-0303597,Bria Thomkins,7 Homewood Road,"£88,871.61 ",01/04/1952,tx085395s,Manager,Reed Easterfield,Civil Partner,07523 340 134
76-4036199,Noni Szymoni,6 Kedzie Circle,"£90,864.71 ",09/02/1959,yl605202h,Packager,Joyce Jaynes,Civil Partner,07184 014 200
41-3975053,Felipe Ferschke,5508 Hauk Terrace,"£63,359.81 ",25/12/1986,pu346240t,HR,Sibyl Mabson,Civil Partner,07924 859 819
17-1342407,Mala Eyree,6 Dorton Circle,"£24,532.92 ",14/07/1993,kf326923s,Driver,Traci Hammersley,Wife,07950 182 116
52-1336694,Renaldo Fussey,7 Northland Street,"£46,099.86 ",11/04/1955,nz535691o,Driver,Gloriana McFade,Husband,07061 354 829
63-0638100,Edd Speere,812 High Crossing Junction,"£13,662.80 ",05/01/1950,au549358u,Packager,Kristopher Pawfoot,Boyfriend,07623 018 398
26-3324931,Nelle Thams,04 Weeping Birch Junction,"£12,571.28 ",16/12/1982,qj455525d,Driver,Jaime Picford,Mother,07745 996 565
85-3334513,Benita Taffarello,89784 Hollow Ridge Avenue,"£58,884.21 ",24/11/1991,op270447a,Driver,Bron Danby,Mother,07385 290 163
40-2208062,Sonny Tabrett,25326 Briar Crest Hill,"£62,818.83 ",29/01/1989,zs026946u,Packager,Bibbie Tradewell,Wife,07829 257 797
35-6685131,Shaw Brandsen,55545 Toban Trail,"£47,949.95 ",22/10/1974,ps562104c,Driver,Ada Vaissiere,Girlfriend,07065 792 686
53-0431396,Demetrius Lowmass,8 Stone Corner Crossing,"£99,061.45 ",24/07/1968,wd175217c,Driver,Emelen Spender,Father,07345 326 453
59-4684006,Angie Waddams,82 Truax Crossing,"£62,378.68 ",10/01/1996,df003975r,Packager,Husain Yerborn,Civil Partner,07241 523 713
20-5440287,Doralyn Freemantle,33 Gateway Crossing,"£36,023.61 ",11/05/1994,oj166622v,Driver,Adena Vasyuchov,Husband,07515 558 479
69-0536291,Jaime Woolhouse,59 Jenna Park,"£34,370.50 ",01/05/1977,dz195791x,Packager,Denys Tuckwood,Father,07099 769 526
14-9076003,Padgett Casel,3552 Towne Road,"£61,058.36 ",02/06/1956,ws394988s,Driver,Nathalia Frake,Boyfriend,07568 334 465
83-5537250,Arly Bartolommeo,759 Esch Way,"£67,921.89 ",12/02/1960,la176569w,Packager,Dickie Prophet,Wife,07596 027 218
60-7601093,Elnar Tabrett,280 Drewry Way,"£85,741.90 ",15/03/1963,rf462586d,HR,Shara Bernardy,Mother,07045 228 558
70-2965789,Lyell Brannan,7 Anzinger Center,"£49,943.14 ",05/09/1984,sv922230q,Driver,Domingo Zuppa,Boyfriend,07642 910 675
84-3457422,Ernestus Dewsnap,937 Springs Road,"£65,304.51 ",14/09/1963,xe947994r,Driver,Dixie Glazebrook,Mother,07427 129 714
93-0686984,Dirk Perrott,679 Summer Ridge Road,"£82,551.62 ",17/10/1995,jc445141x,Driver,Sansone Harragin,Mother,07946 591 368
36-6348131,Tedda Daggett,12 Lindbergh Place,"£25,694.32 ",30/05/1989,bm829464z,Packager,Stanley Duffitt,Boyfriend,07136 718 165
71-3652304,Esteban Ziemen,4832 Pankratz Road,"£16,929.76 ",01/07/1956,wc844307p,Driver,Ilyse Schultheiss,Wife,07228 818 773
81-4865027,Annette Josephs,532 Kipling Place,"£46,710.64 ",07/03/1960,vk802431y,Driver,Rouvin Von Oertzen,Mother,07950 739 212
85-5431069,Marney Kolak,5 Merrick Road,"£97,251.70 ",15/10/1978,xb125807v,HR,Murielle Suett,Husband,07932 036 011
56-4309508,Tessy Cartan,75834 Burning Wood Parkway,"£85,017.74 ",04/02/1985,of985665x,Packager,Conway Howman,Husband,07285 064 810
97-5683996,Cornie Hub,564 Muir Alley,"£13,017.59 ",01/04/1999,vs049545n,Driver,Darci Milbourne,Civil Partner,07035 959 026
60-2276889,Ransell Seakings,1 Ramsey Park,"£43,734.59 ",22/07/1995,uu534964w,Packager,Monro Piatkowski,Girlfriend,07439 078 961
51-7315582,Kathy Goodnow,24494 Kenwood Alley,"£94,364.48 ",05/05/1988,dn632963a,Driver,Braden Sabben,Girlfriend,07264 110 068
65-7661186,Lombard Debling,36 Mayer Drive,"£53,121.90 ",13/01/1989,jb039257n,Packager,Ross Little,Father,07811 367 312
76-2727093,Nesta Dottrell,6 Ridgeway Court,"£71,905.32 ",26/04/1981,mg608324j,Driver,Joe MacCleay,Mother,07329 779 233
18-0534773,Alix Ambrogelli,60 North Place,"£62,229.76 ",22/10/1960,ny144248g,Packager,Harrietta Arpin,Mother,07469 896 525
57-1609142,Jilly Skirvane,4227 Darwin Circle,"£91,296.52 ",27/04/1961,md982609a,Packager,Gearard Lindback,Father,07918 823 802
29-6656577,Lynne Muccino,65 Northland Avenue,"£63,251.24 ",27/05/1960,rg151568q,Driver,Mose Pulham,Boyfriend,07818 864 970
12-8760096,Mallorie De Brett,1 Lillian Drive,"£27,166.70 ",25/05/1987,gb976841w,Packager,Thain Kellard,Boyfriend,07540 241 186
22-3052971,Giorgia McCrohon,80323 Myrtle Court,"£91,699.68 ",09/02/1984,jk018371c,Driver,Goddard Schenkel,Boyfriend,07248 542 532
33-0489054,Onfre Woolmore,7868 Pearson Hill,"£61,377.23 ",22/11/1983,xa033094e,Packager,Erie Wardingly,Civil Partner,07055 738 740
52-4567561,Braden Wigin,9641 Loftsgordon Park,"£85,761.99 ",31/10/1983,lc856388d,Packager,Leia MacMearty,Father,07525 541 001
97-5558458,Sarina Kalb,565 Annamark Alley,"£45,859.99 ",14/11/1950,qu905290s,Packager,Perla Sokill,Girlfriend,07455 033 890
34-2543597,Rodina Ofener,5556 Schmedeman Court,"£92,118.32 ",13/07/1973,dy170889s,Packager,Megen Vynall,Wife,07100 762 873
79-0464882,Lia Hargreaves,721 Graceland Alley,"£13,755.82 ",03/08/1995,dt884304c,Driver,Becka Card,Father,07503 035 492
04-2758260,Simeon Dilworth,749 Summit Circle,"£63,320.02 ",10/04/1974,ql275702i,Driver,Filberto Railton,Wife,07719 120 956
38-9798664,Minor Bennion,9756 Cottonwood Lane,"£17,020.16 ",14/07/1958,fl067205y,Driver,Calv Alelsandrovich,Boyfriend,07717 918 115
18-3911956,Rafferty Edowes,96 Helena Crossing,"£41,496.02 ",24/07/1988,yk522444d,HR,Francene Licquorish,Husband,07831 756 132
45-7500187,Juditha Pesterfield,076 Heath Drive,"£37,428.34 ",19/10/1952,zf490474b,Driver,Agnella Wyman,Husband,07269 336 319
55-9616651,Murdock Linsay,8 Shelley Terrace,"£55,605.57 ",08/12/1992,tn328405l,Packager,Fae Whales,Boyfriend,07698 294 787
31-8312411,Georgine Winspare,2732 Cottonwood Way,"£50,921.83 ",10/10/1966,eo514879y,Driver,Nickolaus Riepel,Girlfriend,07194 463 040
33-7183053,Lucinda McGhee,625 Mitchell Point,"£53,031.50 ",26/03/1981,nn735991o,HR,Jacquette Cardenosa,Civil Partner,07642 004 857
72-3040567,Tanney Marques,9382 Prairie Rose Alley,"£70,585.82 ",19/02/1966,no949821c,Packager,Joel Laxson,Girlfriend,07781 001 495
02-9566746,Dud Firman,467 Lighthouse Bay Junction,"£35,155.65 ",08/08/1961,xs400698x,Packager,Forster Naisby,Civil Partner,07236 732 030
06-3396053,Hayes Butting,120 Lotheville Pass,"£50,125.67 ",26/09/1958,jm300330r,Packager,Margot Barabich,Boyfriend,07585 007 222
21-1787461,Stefa Stringman,3 Lake View Lane,"£76,206.39 ",09/12/1987,qn206371i,Driver,Brittan Rubroe,Girlfriend,07620 851 960
32-4834306,Andra Bamfield,9799 Russell Crossing,"£59,706.55 ",08/12/1967,rw267230v,Driver,Corabella Bitten,Boyfriend,07918 827 977
62-7120162,Fanni Melrose,33 Sutteridge Parkway,"£97,520.73 ",10/06/1962,na997468x,Driver,Malissa Scurrah,Wife,07189 813 349
77-7401728,Cloris Truckell,84521 Pearson Street,"£72,938.51 ",03/05/1995,bn687310q,Driver,Eben Samms,Wife,07923 010 205
50-6111855,Shepard Johansson,22 Hudson Trail,"£86,414.16 ",24/07/1986,ng987509r,Packager,Matias Ruckert,Girlfriend,07792 360 390
64-6879023,Brose Niece,18466 Village Green Plaza,"£74,713.01 ",02/02/1964,yz865649d,Packager,Annette Bydaway,Boyfriend,07670 530 361
10-6680137,Burnaby McGreay,55 Hansons Center,"£54,552.70 ",13/09/1971,xz020089e,Driver,Dion Tolson,Mother,07154 115 530
58-0824770,Zared Klulicek,62958 Canary Junction,"£40,677.89 ",22/07/1966,hx158296g,Driver,Johna Radki,Civil Partner,07783 704 124
97-4110845,Judah Groomebridge,1714 Clyde Gallagher Point,"£52,171.58 ",25/10/1959,kc825703y,HR,Asher Ferrarotti,Civil Partner,07460 150 758
53-9062912,Doralynn Suddaby,4 Springview Plaza,"£59,458.15 ",16/09/1952,zh337987i,Driver,Roddie O' Molan,Boyfriend,07464 651 444
77-8203719,Netta McCabe,1 Lakewood Gardens Plaza,"£45,095.62 ",26/02/1998,vy489059e,Driver,Veradis Glidder,Girlfriend,07392 244 305
28-4979315,Sashenka Artin,71 Talmadge Drive,"£36,543.57 ",22/09/1982,tp697018e,Driver,Nichol Rawsthorne,Civil Partner,07508 127 404
87-1470903,Stafani Clampe,8 Bultman Avenue,"£28,092.26 ",05/05/1954,vu807135v,Packager,Toma Van't Hoff,Boyfriend,07866 974 051
24-6851371,Puff Speeding,22016 New Castle Hill,"£78,841.84 ",12/11/1951,mh954487u,Driver,Esme MacGlory,Girlfriend,07291 150 140
73-6200004,Marie Gummoe,4 Debra Terrace,"£45,954.79 ",31/07/1954,kw585002h,Driver,Thibaud Bladder,Mother,07357 406 936
45-5773014,Patric Etienne,87269 Huxley Place,"£22,053.53 ",24/12/1954,nd673205l,Driver,Ken Sloane,Mother,07771 820 262
46-0059406,Marylou McClunaghan,7 Bluestem Pass,"£60,710.92 ",24/09/1982,ys652384q,Packager,Paule Willingham,Father,07689 398 886
09-2857613,Faunie Testo,903 Pawling Terrace,"£42,813.15 ",02/09/1952,yh126921t,Driver,Lorrin Morman,Boyfriend,07627 803 411
11-6489646,Alfie Glasebrook,5942 Del Mar Court,"£24,207.50 ",25/08/1987,kc363601g,HR,Ogden Wynne,Father,07740 998 062
99-4615801,Meggi Abbado,3078 Hoffman Junction,"£50,699.73 ",17/02/1966,kv498760u,Driver,Mikey Vedeniktov,Boyfriend,07326 764 405
12-0104092,Gerladina MacGinney,270 Melody Park,"£26,606.61 ",29/12/1992,pc545418r,Packager,Sibyl Danovich,Girlfriend,07655 343 095
10-9736161,Pet Littrik,19 Haas Pass,"£99,117.25 ",01/10/1981,fa725896g,Driver,Cecil Gathercoal,Wife,07480 391 714
49-5299749,Vonny Meeny,06702 Lawn Plaza,"£83,205.62 ",24/01/1982,ah996640u,Driver,Farleigh Norwich,Husband,07452 090 283
61-7469906,Demetre Headrick,98692 Forster Hill,"£88,965.32 ",11/10/1963,ns990887t,HR,Conrado Laker,Girlfriend,07004 401 178
59-4661298,Stearne Stennet,664 Warrior Drive,"£37,835.13 ",08/04/1993,vu851838j,HR,Jenn Sander,Wife,07434 841 982
90-9258513,Yank Mullan,94728 5th Center,"£82,932.31 ",25/01/1986,is015669m,Packager,Cornie Moodie,Girlfriend,07878 023 821
95-7092127,Dulciana Duxfield,44249 Westridge Drive,"£62,408.05 ",18/10/1964,do305555k,Packager,Lee Burt,Mother,07001 392 333
90-3945672,Lianna Seden,655 Superior Alley,"£37,009.12 ",19/07/1964,jt347163f,Driver,Jacenta Slimme,Boyfriend,07903 181 488
20-9516100,Cordula Redsull,3 Sullivan Lane,"£70,412.31 ",14/05/1953,mu901992i,Driver,Noelle Physick,Mother,07224 883 037
17-1925809,Donella Chinery,3 Tennessee Street,"£31,438.66 ",12/02/1970,xr596082y,Packager,Klara Eckford,Girlfriend,07580 481 684
56-7734821,Micki Wyness,26 Novick Plaza,"£38,060.45 ",06/12/1974,nh139989u,Packager,Thedric Kenwright,Father,07519 455 911
93-5661312,Gordie Gaynesford,4 Fordem Circle,"£67,381.57 ",24/10/1986,hm085014v,Manager,Granville Hacket,Husband,07058 101 214
34-8695852,Reg Lanphier,049 Cambridge Road,"£93,925.10 ",09/12/1979,lr289379r,HR,Penelope Hancill,Mother,07018 375 399
35-7212754,Dorian Claringbold,7422 Crownhardt Avenue,"£13,347.31 ",18/11/1955,uw834458r,Manager,Amye Brecknock,Mother,07633 415 279
12-6888959,Benoit Collman,827 Erie Junction,"£74,922.96 ",12/12/1982,yc393041q,Packager,Neila Haimes,Girlfriend,07794 407 646
31-9709677,Heda Cathersides,7 Laurel Park,"£32,079.57 ",05/10/1995,fp198238e,Driver,Orelie Balasin,Civil Partner,07971 986 560
47-1387266,Bevon Gaskoin,549 Oakridge Avenue,"£56,671.63 ",06/06/2000,ce665632s,Packager,Bobbette Ruddlesden,Civil Partner,07116 235 571
90-6409982,Irv Tomsen,0 Harper Way,"£66,852.98 ",05/08/1995,ms059474n,Driver,Krissy Clayworth,Mother,07448 190 979
87-6633787,Vivie Jagels,77 Dovetail Drive,"£41,830.50 ",06/12/1964,sm423704x,Manager,Cassandra Merle,Mother,07220 743 776
13-9234597,Katya Ilewicz,68697 Sutteridge Road,"£62,528.81 ",21/08/1977,he783674o,Packager,Cull Harraway,Mother,07970 418 060
78-4344207,Aldridge Kensett,94 Dunning Trail,"£86,064.22 ",04/12/1987,sk062184b,Driver,Griffith Witherow,Father,07449 485 950
92-9715314,Larissa Holtham,8751 Hoepker Circle,"£97,254.38 ",15/01/1969,bt371843i,Driver,Frasquito Legerwood,Mother,07484 895 380
11-5411031,Joaquin Eringey,890 Brickson Park Circle,"£76,521.21 ",09/03/1959,di653042t,Driver,Damian Elsworth,Wife,07934 375 220
49-1457327,Sinclair Byfford,201 Melody Parkway,"£50,636.92 ",10/12/1981,hp128399x,Driver,Sallee Hughes,Mother,07731 937 530
48-1799687,Charissa Peattie,6497 Haas Park,"£32,502.37 ",23/06/1952,lw132386n,Driver,Prudi Blum,Girlfriend,07262 636 173
69-3965258,Archie Godden,7 Marcy Road,"£33,511.85 ",08/12/1979,gk840892x,Packager,Goran Lamburn,Father,07304 482 930
42-7240015,Godfrey Napoleon,030 Fallview Court,"£89,542.77 ",12/10/1966,hg523274c,Packager,Brose Jepp,Husband,07935 559 320
10-6321236,Janot Kleinsinger,4324 Huxley Point,"£59,407.49 ",05/10/1982,vw739034c,HR,Tasha Bromilow,Civil Partner,07666 955 404
66-5805863,Vincents De Bruijne,3 Claremont Parkway,"£81,193.24 ",20/03/1983,na778983r,Driver,Dominick Schirach,Girlfriend,07814 696 449
76-0099650,Tymon Smeal,22635 Toban Court,"£65,314.49 ",07/12/1983,ww210857j,Driver,Phyllys Lamey,Boyfriend,07427 306 598
95-1174328,Heath Manvell,77 Westridge Road,"£29,749.03 ",28/02/1970,ub404168r,Driver,Ham Snalum,Father,07513 042 679
33-5159037,Ina Farrans,65968 Fairview Center,"£67,306.02 ",10/03/1952,vk466721d,Packager,Hollie Hebble,Mother,07399 003 920
46-4344763,Benny Lander,86904 Montana Road,"£88,061.49 ",06/01/1991,sq353921l,Driver,Rorke Biles,Father,07204 662 049
22-6627032,Brynna Dyble,0 Bonner Pass,"£23,496.30 ",05/05/1979,al340446b,Packager,Noland Doret,Boyfriend,07157 222 552
33-1897506,Verla Seacroft,0134 Fieldstone Trail,"£52,928.18 ",18/05/2000,un133384d,Manager,Georgena Clappison,Husband,07584 205 419
59-0150604,Florry Oblein,5 Elmside Lane,"£87,584.21 ",20/12/1984,vv093891d,HR,Casie MacAirt,Civil Partner,07394 653 792
14-0432288,Marius Brosnan,94941 Fairfield Terrace,"£35,816.39 ",07/07/1996,fp824869e,Driver,Palmer Vial,Civil Partner,07277 220 402
97-3703178,Thatch Kinvig,9 Fuller Street,"£31,866.49 ",16/03/1983,gm065123w,HR,Mike Tiron,Girlfriend,07100 728 296
98-9650752,Alene Amiss,07913 Jenna Trail,"£94,129.62 ",25/08/1977,hm391563j,Packager,Cristina Ervine,Civil Partner,07854 566 028
53-6948800,Dorothea Trewinnard,0 Stephen Way,"£74,486.86 ",16/02/1998,cd290362a,Packager,Arielle Etock,Boyfriend,07312 873 616
68-3132421,Catlaina McInerney,19 Aberg Plaza,"£69,134.66 ",03/11/1953,pr574429q,Driver,Raphaela Fishlee,Girlfriend,07691 368 084
45-2811300,Veradis Wagstaff,592 Sullivan Pass,"£54,982.88 ",08/08/1951,ve944995l,Driver,Odo Frame,Mother,07142 691 496
64-0636526,Antonetta Beefon,68 Blackbird Drive,"£39,943.08 ",17/12/1961,hb766263l,Packager,Lief Wilhelmy,Boyfriend,07972 492 545
04-1386775,Omero Hurles,878 Vidon Point,"£85,092.27 ",25/05/1985,zz594734b,Driver,Judas Tonn,Mother,07354 878 768
19-1079892,Charline Saggers,32 Burning Wood Alley,"£85,860.59 ",26/11/1995,uw710251u,Packager,Concordia Marklund,Civil Partner,07959 795 234
53-5630368,Evey Luckman,898 Butternut Point,"£26,964.71 ",10/08/1992,ee740794t,Driver,Bradford Rudolf,Girlfriend,07753 919 257
70-4763276,Nikaniki Scarman,81 Fallview Avenue,"£92,757.77 ",05/12/1994,uu528507s,Driver,Letitia Ellph,Boyfriend,07764 688 949
55-9770243,Janeva Carlet,5557 Washington Point,"£35,334.78 ",18/07/1974,pu508250s,Packager,Kimmie McKevitt,Boyfriend,07591 865 044
24-9067553,Lief Schimann,4786 Rowland Trail,"£87,146.69 ",01/07/1957,xo554182r,Packager,Shannon McGinty,Girlfriend,07499 192 522
72-3549258,Bailey Lewington,3 Bobwhite Center,"£90,668.84 ",02/02/1993,ze015887n,Packager,Angus Ranscome,Boyfriend,07105 859 928
60-6428015,Fayette Hackin,212 Loomis Trail,"£51,844.54 ",31/03/1986,rn693599v,Driver,Birgitta Naerup,Wife,07161 526 613
30-8953969,Will Craik,50 Florence Junction,"£85,698.44 ",23/04/1998,rk384949o,Driver,Aaren Lomaz,Civil Partner,07117 843 636
99-1372878,Annnora Leabeater,931 Waxwing Pass,"£84,021.43 ",22/07/1962,zy295345w,HR,Leena Gorry,Father,07049 508 215
90-5035577,Isacco Chaperling,71120 West Crossing,"£81,126.94 ",03/11/1975,sn878406k,HR,Cindelyn Gallant,Husband,07583 588 628
38-1272080,Mozes Fishleigh,2636 Burning Wood Crossing,"£42,919.29 ",10/04/1952,zx396808c,Packager,Iolanthe Carlick,Girlfriend,07006 963 911
29-5209106,Mellisa Mapam,65 Maryland Junction,"£85,398.19 ",21/12/1961,wn277158x,Packager,Bastien Hollingshead,Girlfriend,07250 548 384
67-6284946,Alia Sygroves,7 Roth Alley,"£19,945.20 ",20/12/1967,ws189951j,Driver,Alameda Iacobacci,Wife,07244 048 879
89-4884561,Wynn Winterscale,931 Warbler Road,"£76,837.12 ",12/12/1989,us493269a,HR,Welbie Hearon,Mother,07174 233 681
58-0128736,Sandye How,2 Fordem Street,"£13,440.04 ",24/05/1963,wj636565x,Driver,Ethelbert Warret,Boyfriend,07813 571 441
75-9134355,Ramonda Overpool,12879 Mayfield Lane,"£28,892.13 ",01/03/1958,ew007431m,Driver,Alie Lutz,Civil Partner,07880 354 813
87-8762204,Patric Izsak,02 Comanche Place,"£65,976.34 ",10/09/1959,lb704495e,Packager,Alikee O'Malley,Girlfriend,07352 836 056
41-3216938,Joeann Beckerleg,6442 Dennis Street,"£56,988.53 ",14/12/1992,zi901356n,Packager,Rustie Ridge,Husband,07462 515 206
48-5840838,Raquel Stave,8 Springview Plaza,"£91,219.79 ",21/06/1998,yl966209u,HR,Brien Narrie,Girlfriend,07567 015 757
52-4726377,Vania Simonsson,666 Hoffman Parkway,"£90,719.74 ",22/12/2001,ry740755s,HR,Eduino Gainsboro,Civil Partner,07169 495 661
79-9536595,Noni Abbatucci,1 Monterey Center,"£14,602.61 ",18/03/1989,nt307553s,Driver,Cybil Bemrose,Mother,07078 712 010
72-6079643,Leonelle Claridge,09468 Lunder Place,"£61,662.41 ",15/01/1974,qv402258l,Driver,Harlan Foxton,Husband,07054 759 828
40-1037983,Odelinda Wardingly,069 Mesta Road,"£90,622.48 ",07/07/1980,bk920804k,Driver,Lanny Pendred,Boyfriend,07493 098 720
45-1060690,Morgen Shortland,3 Doe Crossing Trail,"£81,649.14 ",17/08/2002,vr974451g,HR,Cooper Sillars,Husband,07228 676 244
87-8002965,Fredericka Mathivat,370 Mendota Court,"£68,554.76 ",17/04/1989,rp358778t,Manager,Reeba Lamartine,Mother,07726 563 483
37-0478226,Jenn Alsina,281 Marquette Drive,"£40,753.20 ",08/12/1987,pw357899l,Packager,Christoforo Decker,Husband,07396 626 394
68-7096348,Darsey Fryman,996 Sauthoff Circle,"£80,568.78 ",30/11/1974,gd794016y,Packager,Davey Gregan,Mother,07204 221 186
67-4076527,Clarissa Houson,1 Granby Pass,"£35,964.42 ",12/05/1975,kh895707v,Packager,Cordy Sudell,Father,07007 011 997
25-9736142,Aurore Neilson,9 Darwin Parkway,"£53,082.75 ",17/02/1981,bi255825p,Packager,Stearne Chaffer,Mother,07640 868 506
14-2911172,Koren McCluskey,6677 Evergreen Plaza,"£73,800.93 ",11/08/1955,ox915931w,Packager,Rolph Reast,Wife,07388 570 448
38-0609594,Bev Yakunikov,50563 Waubesa Point,"£69,660.66 ",07/02/1973,ku940218f,Packager,Bren Epperson,Girlfriend,07295 123 244
36-1480567,Skell Swainson,31 Sundown Terrace,"£80,604.76 ",12/05/1994,ib067151y,HR,Nola Yeowell,Mother,07556 127 597
63-9446221,Tybie Exell,1 Anderson Plaza,"£56,541.59 ",03/09/1985,gi458830f,Packager,Alberik Meaton,Boyfriend,07785 086 128
97-0147786,Haze Rosenbush,0 Kropf Alley,"£89,561.58 ",10/11/1995,wx774255i,HR,Joanie Scholtz,Husband,07244 882 292
60-3158201,Carlee Shearmur,2 Vermont Terrace,"£78,619.51 ",28/06/1966,lo612272u,Driver,Hiram Imrie,Husband,07218 567 891
72-9006336,Ikey Sholl,62 North Place,"£77,016.02 ",23/07/1985,qf846140g,HR,Marianne Elion,Mother,07866 004 620
02-4109274,Efren Sealove,7623 Lien Center,"£59,217.95 ",30/03/1967,jk980246h,Driver,Aksel Ticehurst,Girlfriend,07496 100 258
76-8791360,Afton Cassels,4 Grover Way,"£30,662.87 ",15/06/1984,uu202177x,Driver,Ryley Schieferstein,Mother,07941 015 817
77-1835914,Annabelle Caddies,66 Loomis Alley,"£94,451.03 ",26/03/1964,mp067841c,Packager,Lucila Farlamb,Husband,07665 666 934
82-2609006,Cyrus Willmetts,470 Oakridge Circle,"£70,654.72 ",02/08/1986,gx740846k,HR,Levon Bratt,Boyfriend,07123 594 714
82-6558984,Hebert Zaniolini,8 Buell Place,"£50,633.71 ",05/09/1991,kd209714d,Manager,Sim Sacher,Father,07962 176 107
66-2361006,Hillard Milan,9010 Straubel Park,"£81,724.41 ",06/04/1967,og602265e,HR,Janela Jeffels,Wife,07747 406 557
15-4783339,Ermengarde Breitling,2376 Brentwood Place,"£18,516.54 ",06/07/1963,qh838641y,HR,Bord Bartoletti,Mother,07369 214 958
32-3604971,Sterling Elgood,428 8th Point,"£14,162.95 ",05/12/1999,eh265089x,Driver,Dougy Hamlen,Boyfriend,07003 409 288
03-2826761,Pyotr Ingham,81 John Wall Junction,"£38,532.11 ",17/01/1990,ys435194s,Packager,Brnaby Snoday,Husband,07570 183 764
79-1576734,Malchy Kempshall,5 Melby Plaza,"£48,788.98 ",08/04/1950,nv658761a,Packager,Ossie McBean,Civil Partner,07137 684 264
81-8060778,Estevan Francesco,2 Troy Avenue,"£85,869.29 ",16/09/1970,sf717839d,HR,Jacki Tupling,Boyfriend,07890 810 674
35-2689059,Junette Hackforth,74801 Lakewood Trail,"£36,180.91 ",26/03/1998,pr407605t,Driver,Wain Corneck,Girlfriend,07089 659 356
27-8387260,Annetta Cock,76245 Hoffman Court,"£90,559.92 ",16/07/1984,vd818340c,Driver,Sara-ann Knoller,Civil Partner,07189 537 844
47-3147567,Britta Northin,757 Ramsey Terrace,"£74,080.45 ",11/09/1959,yz717919v,Manager,Sigmund McLafferty,Wife,07996 723 103
38-3647372,Carey Netley,279 Helena Place,"£67,072.08 ",22/10/1963,lb767754c,Driver,Giuseppe Petican,Wife,07685 471 321
20-7886428,Dael Confort,0533 Grasskamp Park,"£56,391.77 ",30/12/1999,ee121177l,Packager,Elisa McNamee,Boyfriend,07173 106 494
62-4020686,Tait Bremeyer,82 Calypso Junction,"£83,142.55 ",29/05/1950,ie609169k,Packager,Gina Manueli,Boyfriend,07640 597 771
41-9319442,Luisa Burtonwood,554 Marcy Crossing,"£48,099.78 ",02/12/1975,ji602428k,Packager,Ezmeralda Ertel,Boyfriend,07929 318 804
87-1949652,Malcolm Louys,2 Ronald Regan Pass,"£72,398.03 ",13/02/1996,wu157014q,Driver,Lelia Heppenspall,Mother,07865 407 286
30-7334418,Lorita Fere,9899 Johnson Park,"£64,340.92 ",26/07/1973,yh523785h,Packager,Darby Lias,Husband,07194 892 472
75-0328049,Cassy Hiddersley,9902 Starling Circle,"£71,258.15 ",03/09/1999,sg232892l,Packager,Samuele Solesbury,Wife,07037 038 101
51-0122715,Ardyce Calcraft,953 Green Trail,"£63,482.01 ",31/08/1982,kk311112p,Packager,Damara Dudny,Mother,07425 771 845
67-6903314,Dorene Ipplett,87 Cardinal Court,"£93,942.93 ",16/11/1986,ul176502b,Packager,Lew O'Dempsey,Mother,07885 465 113
33-1261585,Bary Skoof,20630 Tony Avenue,"£95,728.74 ",02/12/2001,fh221614b,Driver,Benni Botting,Wife,07639 903 071
99-6209168,Renaud Skpsey,4430 Fieldstone Alley,"£44,136.49 ",26/01/2002,tm559297a,HR,Clotilda Blues,Girlfriend,07754 815 231
99-4988360,Carlie Braganza,806 Sachs Parkway,"£31,442.08 ",16/05/1964,ev422969a,Packager,Hadleigh Twining,Civil Partner,07302 069 966
68-3172017,Hayyim Fleay,3644 Blaine Court,"£55,384.02 ",05/02/1974,yh345037b,Packager,Aristotle MacGrath,Boyfriend,07717 401 856
27-8094243,Rhodia Realy,2748 Wayridge Junction,"£54,901.54 ",23/12/1959,sh464311u,Packager,Byran Greaser,Husband,07556 017 337
89-4176534,Conni Orhrt,92 Moose Park,"£14,137.68 ",09/05/2000,ui092814r,Driver,Zaneta Shrubb,Father,07613 479 105
59-0997098,Aila Paolillo,41 Esker Terrace,"£14,148.29 ",19/03/1975,cm005454h,Packager,Debera Itzkovich,Mother,07196 432 406
06-2857563,Osgood Sutherby,88855 Merrick Road,"£27,045.62 ",20/08/1990,ya877759r,Manager,Joyann Spellessy,Husband,07873 688 139
80-7938995,Armstrong Ivachyov,41681 Welch Court,"£36,204.54 ",10/12/1973,ly992939e,Driver,Fiorenze Elvey,Father,07902 274 458
15-6949928,Dominique Causon,2 Mallard Way,"£61,194.11 ",16/11/1978,jz826946h,Driver,Marwin Haburne,Husband,07467 024 579
18-3863597,Tamiko Holton,49 Cody Lane,"£97,318.42 ",15/10/1960,dm359618l,Packager,Hagen Lantoph,Wife,07512 531 127
08-4428147,Daryl Chartman,2413 Ramsey Avenue,"£58,749.21 ",06/08/1996,ad905076o,Packager,Sydel Dexter,Father,07795 010 970
56-3682739,Melany Klugel,14577 Truax Alley,"£41,959.59 ",18/05/1955,tg734644m,HR,Shannon Purdy,Mother,07885 597 859
64-0621633,Sigismundo FitzGibbon,8 Gina Terrace,"£55,410.48 ",14/06/1981,au449889p,Packager,Morley Mastrantone,Mother,07615 396 907
77-6317806,Keelby Pelling,5 Jay Trail,"£57,007.18 ",22/12/1965,hj451937l,HR,Clyve Pedroli,Father,07680 068 925
66-2522703,Alyss Nance,0974 Red Cloud Junction,"£20,416.96 ",07/09/1952,gy674145h,HR,Natassia Ludvigsen,Father,07785 317 092
83-7810679,Davie Cutill,61998 Fisk Lane,"£92,319.52 ",28/12/1961,xq363276d,Packager,Michale Kluger,Husband,07685 967 303
95-3517999,Garald Greenrde,15302 Independence Drive,"£56,092.80 ",04/09/1975,hp673805w,Packager,Caryl Coyle,Girlfriend,07142 015 007
89-6058656,Yorgos Philippard,8976 Dakota Terrace,"£60,909.78 ",13/07/1968,bu861195y,Driver,Violet Doutch,Wife,07346 373 537
01-9065592,Catina Josovitz,09 Center Alley,"£78,353.10 ",09/12/1974,gl907590t,Driver,Zachariah Trassler,Girlfriend,07670 477 662
69-5458568,Elvina Matuszynski,6 Grover Road,"£76,167.80 ",27/05/1956,ob669602j,Driver,Justinn Maginot,Civil Partner,07255 258 700
50-5810953,Jarad Thorowgood,01 East Hill,"£80,581.88 ",24/03/2000,fe255201p,Driver,Hurlee Bendle,Father,07016 639 458
62-4959178,Josie Henricsson,8035 Brown Lane,"£64,586.93 ",06/03/2001,oh486872e,Packager,Cathyleen Lindfors,Husband,07119 333 689
75-0131682,Charlot Dignall,950 Arizona Terrace,"£15,153.98 ",12/05/1972,bj869010d,Packager,Staci Normadell,Girlfriend,07035 352 138
29-6350132,Pietro Ochterlony,75 Weeping Birch Junction,"£51,249.75 ",28/08/1989,fv388894k,Packager,Willis Deary,Girlfriend,07475 627 111
84-3853067,Bianka Druce,5 Pierstorff Plaza,"£98,768.78 ",28/02/1955,xa610379g,HR,Marlie Schwaiger,Civil Partner,07055 302 769
97-0913105,Kelly Farragher,6 Meadow Vale Trail,"£52,644.35 ",20/10/1980,ob677832o,HR,Zaria Tallet,Boyfriend,07473 173 088
45-3804689,Pauly McDell,4 Fordem Trail,"£66,117.54 ",18/09/2001,ac869050u,Driver,Tam Howler,Boyfriend,07107 484 803
83-1217063,Viola Holleran,877 Twin Pines Plaza,"£94,882.77 ",23/03/1984,zb232750v,Driver,Francois Goodrick,Civil Partner,07224 909 347
54-7676865,Pepillo Maha,2025 Waxwing Drive,"£38,143.51 ",26/02/1953,ii522336e,Driver,Manfred Morston,Wife,07857 880 717
04-2608361,Homer Bresman,84058 Hayes Parkway,"£66,224.45 ",21/03/1970,ku802868l,Driver,Ileana Wicken,Girlfriend,07816 723 310
42-1134854,Norma Budgeon,5061 Northland Place,"£45,208.71 ",19/01/1986,gq875183d,Driver,Allie Hambleton,Wife,07583 207 317
48-9328765,Orsola Francillo,31360 Debra Junction,"£98,161.15 ",06/06/1970,tq009471b,Packager,Poul Poznan,Wife,07353 747 279
38-5473326,Feodora Benning,620 Sachtjen Center,"£89,549.75 ",18/02/1994,kz832424w,Packager,Chaddie Kelcey,Husband,07135 140 819
10-8148353,Frannie Pedron,85 Meadow Valley Avenue,"£20,034.33 ",10/10/1979,kw816523w,HR,Llywellyn Buckley,Girlfriend,07978 885 045
43-6568300,Gillan Stolberger,04255 Mayfield Way,"£92,147.29 ",01/06/1985,hx200738r,Packager,Nickie Driscoll,Husband,07163 688 713
92-9480837,Phyllis Lalevee,77169 Sullivan Crossing,"£38,220.79 ",06/03/1962,wh734079v,Driver,Tallie Huggon,Father,07493 025 274
42-2072103,Oates Snepp,684 Park Meadow Junction,"£42,019.18 ",29/07/1967,ie180913g,Packager,Papageno Baiyle,Girlfriend,07413 999 083
42-7011523,Giorgia Hynes,23948 Ruskin Place,"£44,916.43 ",15/01/1963,xh499685d,Packager,Harper Crutchley,Father,07349 039 768
55-3650046,Gerek Bardnam,91085 Maple Court,"£51,185.61 ",29/12/1966,xh198735c,Driver,Nanete Hassard,Boyfriend,07005 200 200
31-5831645,Sofia Skoof,47354 Clyde Gallagher Point,"£58,714.12 ",26/11/1965,va211893v,Driver,Coleen Tolley,Father,07220 519 362
80-3234805,Greer Durnford,44200 Sauthoff Terrace,"£82,703.39 ",16/11/1996,ry037414u,Packager,Mindy Gatch,Girlfriend,07074 285 151
54-6428980,Janek Semeradova,12015 Dayton Trail,"£89,572.34 ",06/08/1966,hm636135w,Packager,Bald Bennoe,Wife,07580 556 646
59-2576093,Katerina Barnfield,34404 Bellgrove Avenue,"£61,807.51 ",26/10/2000,jx648488c,Packager,Nancy Masterson,Father,07031 588 061
07-4724394,Christiane Barnes,2958 Butterfield Point,"£51,949.10 ",25/08/1965,vw694872r,Packager,Augustine Corstorphine,Father,07793 242 869
63-2539882,Darelle Peverell,52683 Aberg Parkway,"£80,717.20 ",08/08/1978,pg514115j,Packager,Helen Gouda,Boyfriend,07268 106 425
46-2600043,Del Fitter,4290 Superior Terrace,"£54,544.33 ",26/11/1982,tt394813q,Packager,Adolph Hedgeman,Wife,07295 967 993
86-1870935,Gwynne Garrow,2648 Old Gate Circle,"£66,379.47 ",21/03/2000,ds178316s,Driver,Philis Gulleford,Father,07838 716 945
10-1743239,Clareta Bamlet,1038 Bellgrove Parkway,"£46,542.99 ",09/04/1964,tx858508r,Packager,Selia Sopp,Husband,07937 394 557
79-4798875,Iorgo Dowsey,904 Pond Park,"£14,568.84 ",08/07/2001,vv771459v,Driver,Mile Scholler,Father,07558 144 894
54-8296596,Tommie Vallintine,37 Superior Parkway,"£87,912.38 ",21/11/1973,tm808573f,Packager,Porter Nance,Civil Partner,07097 155 888
55-5908272,Petronille Squelch,67 Golden Leaf Park,"£65,853.46 ",30/01/1987,ly831340g,Packager,Alden Bourthoumieux,Boyfriend,07435 864 662
62-1957072,Elliot Allitt,8 Redwing Court,"£41,808.84 ",17/03/1978,nd981367q,HR,Christan Leupoldt,Husband,07699 612 785
13-8722134,Adler Wheeliker,018 Lakewood Parkway,"£97,905.35 ",25/01/1979,gd959536a,Packager,Karel Gully,Father,07088 509 851
38-1884801,Valida Bootes,06 Bluejay Way,"£75,580.43 ",23/07/1968,hy568138e,Driver,Waldemar Plunket,Civil Partner,07417 261 693
82-9457047,Merralee Vannuchi,7 Vera Place,"£56,425.54 ",20/01/1986,lf092320a,Driver,Brnaby Hilhouse,Girlfriend,07346 042 351
36-4190617,Glyn Canet,565 Glendale Park,"£54,281.26 ",25/11/1999,gr760688u,Driver,Nap Muzzlewhite,Wife,07942 102 464
38-4369228,Merwin Partener,29021 Clemons Terrace,"£13,685.06 ",16/04/1988,ef765749d,Driver,Samaria Rennie,Civil Partner,07366 799 382
88-4435308,Cedric Chazotte,77 Ilene Parkway,"£84,591.95 ",07/07/1965,ji880896f,Packager,Friedrich Howsego,Father,07787 734 288
81-7038918,Fraze Maletratt,96 Rockefeller Circle,"£30,986.25 ",02/04/1993,dr489342o,Packager,Ruggiero Kilgrove,Civil Partner,07100 170 818
60-0655971,Cherie Murch,3340 Gale Way,"£12,502.40 ",02/12/1963,ap253442h,HR,Beitris Morison,Boyfriend,07455 807 075
42-0131259,Kelsi Cunney,5 Toban Terrace,"£92,101.67 ",02/07/1955,nm508435w,Driver,Cassandre Attawell,Wife,07612 472 814
11-4556284,Joceline Oats,8 East Pass,"£19,329.56 ",11/08/1963,iu795663w,Packager,Mariejeanne Prendeville,Mother,07474 771 437
27-1540713,Raphaela Symon,41109 Stephen Plaza,"£72,118.42 ",07/03/1983,ry550614d,Driver,Baudoin Danigel,Girlfriend,07315 752 509
83-6435523,Bevan Durrell,18 Butternut Road,"£24,202.05 ",09/02/1950,wa954782v,Packager,Cris Melladew,Mother,07427 006 306
55-4384947,Eudora Marten,6 Corry Road,"£80,059.87 ",19/08/1981,mz193764k,Packager,Bradly Mitrovic,Husband,07708 980 078
22-0788973,Kalvin Corrado,770 Fallview Trail,"£59,688.79 ",07/11/1980,ei247057v,Driver,Eunice Chmarny,Father,07717 672 468
09-4017521,Flemming Arnoll,2 Eggendart Crossing,"£22,873.04 ",03/08/2002,sb614856m,HR,Brear Kluge,Husband,07267 762 763
06-7381402,Pansy Benasik,777 Welch Junction,"£41,672.28 ",04/03/1953,rb727027l,Driver,Melodee Sillars,Boyfriend,07822 069 566
85-7355238,Kial Labden,55507 Bultman Circle,"£39,885.17 ",07/03/1998,ux496294h,Packager,Jennee Costock,Father,07362 630 943
27-8037561,Junina McAirt,45 Ramsey Junction,"£39,500.15 ",08/07/1988,cx516631k,Packager,Xaviera Chaves,Mother,07054 012 385
20-3044693,Raina Yearn,7 Havey Point,"£91,757.16 ",03/09/1972,uz970481u,Driver,Caroline Brinicombe,Father,07276 959 298
19-0713712,Georg De Gouy,06 Hermina Terrace,"£37,144.20 ",18/01/1993,vi744437v,Packager,Leoine Ayrs,Boyfriend,07403 137 340
76-4940799,Anderea Challicombe,8 Melvin Terrace,"£87,575.30 ",21/03/1999,vv690440b,Packager,Towny Deetch,Civil Partner,07086 691 240
41-3268639,Sherlocke Cornner,00811 Morning Crossing,"£43,444.78 ",15/03/1960,uo254689s,Driver,Melinda Edelston,Mother,07607 490 054
84-9275069,Julina Copnar,8 Randy Court,"£55,255.85 ",01/06/1991,xd785936e,Driver,Rozelle McCullouch,Husband,07387 875 939
54-5318903,Stanislaus Ferreli,5 Northland Park,"£51,816.24 ",20/04/1975,sw345892x,HR,Tootsie Holdey,Wife,07329 818 995
21-2689388,Mildrid Ethington,4 Buhler Pass,"£18,703.01 ",06/01/1950,kp709951v,Packager,Cordey Peer,Girlfriend,07645 326 285
58-8390431,Brandi Andreassen,008 Service Alley,"£19,209.80 ",12/07/2000,ib637202u,Driver,Bendicty Macek,Husband,07726 134 897
34-4740678,Germain Stockow,102 Haas Junction,"£56,278.62 ",30/05/1981,yo417120d,Packager,Nobie Scardifeild,Mother,07035 382 913
47-5302795,Gerardo Brosio,6949 Bonner Junction,"£92,669.35 ",20/03/1968,rb204617t,Driver,Haley Kellock,Girlfriend,07487 727 188
77-5748543,Fanchon Stebbings,77689 Donald Alley,"£38,753.87 ",15/11/1966,xy286906n,Packager,Clayton Segar,Mother,07030 174 840
63-5722038,Vikki Guthrie,6 Farragut Road,"£95,626.81 ",10/04/1976,hx643872o,Packager,Kristin Stanhope,Civil Partner,07095 123 826
59-8381667,Emmey Dallywater,98705 Forest Run Avenue,"£92,664.30 ",10/04/1953,dk443174l,HR,Gabi Crooks,Father,07021 173 423
20-6300983,Juliann Profit,047 Mandrake Drive,"£59,829.91 ",11/05/1963,bx776119o,Driver,Caresa McGeown,Girlfriend,07546 091 676
26-9050326,Dode Hurtado,12322 Cottonwood Point,"£40,814.61 ",06/02/2002,lm182202b,Driver,Cully Galilee,Civil Partner,07898 839 206
75-1340477,Ferd Uccello,90243 Karstens Pass,"£72,024.81 ",09/01/1997,nu487701k,Driver,Edi Haygreen,Husband,07382 538 132
05-5646283,Karole Roderighi,6281 Hovde Road,"£83,507.63 ",22/12/1988,np061992l,Driver,Jacky Schwandt,Father,07787 718 899
31-7111614,Artemis Adami,99842 Spenser Point,"£58,500.47 ",17/06/1960,bp682069w,Driver,Ardyce McAree,Mother,07648 096 231
24-9840403,Ashley Barcke,7 Eastlawn Alley,"£33,391.07 ",30/07/1968,ww328815i,Packager,Iseabal Leidl,Girlfriend,07683 879 132
38-8885296,Ginelle Morgon,411 2nd Pass,"£84,423.53 ",26/04/1960,ps334310v,Packager,Audrey Calafate,Boyfriend,07905 196 224
09-8147999,Alfonso Pirdue,201 Garrison Crossing,"£60,175.71 ",27/01/1950,pq325071u,Packager,Charmain Ewbanck,Husband,07876 106 377
30-8456021,Tandi Dmitrovic,5447 Lyons Center,"£99,223.26 ",19/01/1970,sr314203n,Packager,Florentia Cornelisse,Wife,07465 428 558
95-1790755,Staford Klarzynski,02676 Mesta Junction,"£62,596.85 ",09/03/1951,lw151180l,Driver,Sayre Faint,Girlfriend,07320 940 413
68-8976238,Florie Reyes,2 Heffernan Center,"£98,224.34 ",28/11/1999,ub855681n,HR,Libbey Van den Bosch,Civil Partner,07623 894 854
44-7083318,Dari Siene,57 Randy Point,"£85,262.11 ",29/01/1971,ku592945q,Packager,Galvan Kaszper,Girlfriend,07814 082 485
63-8802366,Cody Peasey,6 Dixon Point,"£54,393.78 ",26/01/1974,fu609000b,Driver,Joscelin Dumblton,Wife,07719 695 663
05-5059849,Giffard Endecott,13672 Caliangt Terrace,"£30,809.16 ",14/03/1953,tu153415t,Packager,Joela Artois,Boyfriend,07419 063 793
76-4086283,Laird Stalley,75447 Norway Maple Park,"£91,412.37 ",05/12/1953,fc920310o,Driver,Krishna Payle,Mother,07834 640 631
56-0484045,Lyn Topp,20 Sloan Circle,"£36,487.51 ",06/06/1979,np848289h,Driver,Hermine Sapsed,Boyfriend,07245 144 587
93-8667645,Marna Abramski,6 Scoville Pass,"£13,595.15 ",15/10/1985,gj588599m,HR,Carling Jell,Civil Partner,07345 068 432
83-1009344,Eba Fiander,0094 Fallview Terrace,"£61,818.38 ",17/10/1993,nf421951o,Packager,Emmet Speedy,Husband,07964 772 320
11-0990160,Rhea Saffle,77051 Shasta Circle,"£37,907.97 ",12/06/1999,el763944v,Packager,Jeane Fleet,Girlfriend,07452 139 490
68-6940299,Tobi Bute,46 Jenifer Plaza,"£97,878.28 ",31/01/1986,mw253204t,Driver,Fifi Lamputt,Father,07477 278 621
60-6270362,Theressa Prentice,2026 Oak Valley Hill,"£78,594.80 ",18/02/1973,qf112815j,Packager,Sanders Firsby,Husband,07483 322 111
78-0380118,Dewitt Gabby,8 Montana Park,"£93,187.29 ",07/06/1961,mo353148n,Driver,Marjorie Fraine,Wife,07037 535 429
21-3155551,Alaric Santarelli,8757 Thompson Trail,"£24,449.19 ",28/09/1959,hn280217c,Packager,Durand Klassman,Father,07324 591 670
21-4089887,Corette Mourbey,246 Wayridge Hill,"£76,423.32 ",04/06/1983,km813203w,Driver,Aksel Gallimore,Father,07677 246 578
72-0413596,Philly Halliberton,33 Sheridan Road,"£15,689.28 ",23/08/1994,mo726896p,HR,Dorthy Savoury,Mother,07911 839 364
64-6729020,Sarajane Abrams,26499 Warrior Avenue,"£87,543.10 ",02/01/1985,yh646941o,Packager,Jamison Richardet,Civil Partner,07608 960 744
94-6907133,Alica Barthel,80231 Twin Pines Center,"£82,703.00 ",02/09/1987,mw080326p,Driver,Torrence Fowells,Civil Partner,07620 698 046
42-5263028,Corny Leynham,8 Hansons Drive,"£82,698.63 ",03/03/1972,kc800413c,Packager,Dorise Polin,Civil Partner,07030 945 316
71-4783541,Brandise Kondrachenko,3 Kenwood Alley,"£49,471.98 ",28/02/1961,fm459704k,Packager,Alica Adnam,Civil Partner,07339 364 526
44-1072008,Jacob Kelf,48033 Forest Run Parkway,"£66,228.12 ",25/11/1965,zi651705l,Driver,Merlina Adolthine,Civil Partner,07498 555 907
86-5274202,Holden Artharg,61 Vera Crossing,"£55,750.53 ",11/08/1971,cw848240k,Packager,George Barczynski,Girlfriend,07927 318 789
65-1738561,Say Lodwig,54399 Forest Dale Avenue,"£17,891.12 ",27/08/1987,tj978150h,Manager,Donella Scullard,Boyfriend,07764 317 881
22-2051613,Alys Feye,000 Grayhawk Court,"£50,021.50 ",21/01/1975,rs859776q,Packager,Stearne Coveny,Girlfriend,07552 624 180
81-2733835,Magdalen McIlwrick,2099 Debra Trail,"£41,997.19 ",19/01/1974,rr316532p,HR,Brendis Saunder,Mother,07747 163 685
50-7117246,Everett Hoggetts,4809 Gale Trail,"£99,084.22 ",15/11/1999,pk662258w,Packager,Justina Steinson,Girlfriend,07978 286 641
69-6968657,Diannne Scala,96290 Bunker Hill Hill,"£86,102.65 ",09/07/1955,lw629488e,Packager,Duke Ruske,Father,07775 640 640
78-1195027,Meade Ketteman,47 Nevada Center,"£17,823.35 ",30/07/1950,ul369491o,Driver,Meridith Lowes,Civil Partner,07881 576 200
97-6528129,Darn O'Lunny,228 Porter Street,"£23,811.76 ",23/06/1962,ai316031z,Driver,Eilis Decent,Husband,07190 067 060
45-1168337,Jade Yaakov,13 Parkside Avenue,"£95,249.87 ",17/02/1986,eb401601e,Packager,Marybeth Dibben,Boyfriend,07888 296 305
01-9983285,Evvy Burrill,18 Pennsylvania Crossing,"£65,007.09 ",02/08/1994,pz402630g,HR,Dianne Pease,Wife,07983 466 814
58-2471319,Constantino Phlippsen,52 Nevada Road,"£77,184.02 ",21/08/1965,vz575305z,Packager,Salem Courtliff,Boyfriend,07239 492 326
29-2364794,Guido Hoopper,51 Prairieview Alley,"£78,530.16 ",16/07/1986,in158664i,Manager,Joel Fairham,Girlfriend,07080 664 959
42-8848918,Zahara Pepis,15 2nd Crossing,"£17,215.70 ",16/03/1992,vv722651o,Packager,Hayden Monkley,Wife,07958 131 810
05-9682452,Dorothee Pennell,90 Rutledge Circle,"£44,159.39 ",27/04/1977,bo740928h,Driver,Odelle Godsmark,Wife,07530 434 901
01-6146269,Krispin Eastmond,584 Twin Pines Place,"£46,304.52 ",25/04/1956,oc293284f,Driver,Chandra Tiesman,Father,07829 492 462
52-6674444,Codie Stambridge,38 Schurz Pass,"£29,289.03 ",11/02/1953,ku840832k,Driver,Emera Yearne,Father,07206 048 771
89-0022888,Nelli Esche,78814 Summer Ridge Court,"£15,353.78 ",04/01/1994,nr398078m,Packager,Essa Sor,Husband,07629 867 802
37-6605556,Jacobo Pashba,101 Linden Crossing,"£67,037.04 ",15/05/1976,vg977309d,Driver,Goldia Nisard,Girlfriend,07475 211 884
69-5925327,Sydelle Pelzer,34635 Dawn Drive,"£15,069.38 ",12/11/1973,ap767547i,Packager,Katusha Kirkham,Civil Partner,07216 578 917
40-1136806,Julio Featherstonhalgh,35498 Jackson Pass,"£89,162.28 ",20/02/1987,qr454157y,Driver,Scotti Nowill,Boyfriend,07797 601 369
04-2798023,Cinda Plesing,57518 Chinook Park,"£49,509.39 ",29/06/1988,bl772452l,Packager,Corabella Possek,Girlfriend,07171 514 291
54-7904459,Alexandros Ormesher,664 Gale Plaza,"£51,642.73 ",15/03/1998,sl566148h,Packager,Gabriela Wehden,Mother,07904 464 506
81-0188200,Nadine Davidson,0 Jana Alley,"£23,660.37 ",19/05/1998,eb645921x,Driver,Frederique Wheatman,Civil Partner,07068 255 984
62-2186332,Meridith Bolton,9 Hooker Avenue,"£81,390.66 ",06/01/1951,vw612487d,Driver,Delmore Borel,Civil Partner,07050 832 727
38-2126707,Vinni Champneys,38416 Susan Plaza,"£35,513.16 ",01/05/1976,vn364397s,Packager,Giustina Stephen,Wife,07101 430 354
01-5576008,Jaquenetta Rankin,3249 Dahle Plaza,"£42,698.62 ",28/12/1988,ir187391u,Packager,Gustave Benedikt,Husband,07689 714 850
67-5304822,Taber Nuton,94646 Charing Cross Parkway,"£85,586.57 ",29/01/1966,ig939447u,Driver,Taylor Micka,Civil Partner,07239 031 455
36-6943031,Wolfgang Frake,97152 Waubesa Center,"£21,505.69 ",28/01/1982,op535073z,Packager,Ulick Snyder,Father,07013 596 878
25-6187206,Farlay Haughan,99 Schurz Plaza,"£63,905.08 ",21/08/1984,fg558529z,Driver,Sandye De Gouy,Husband,07383 021 093
49-6102253,Annabelle Fairnie,12384 Warrior Point,"£60,436.09 ",27/11/1992,dl892664i,Driver,Gideon Gillivrie,Boyfriend,07257 411 126
22-7191567,Goddard Bagot,362 Coleman Way,"£90,643.98 ",24/05/1980,lx057194p,Driver,Jeremiah Pavlasek,Father,07425 200 343
43-7385696,Nicky Ipplett,7153 Merrick Terrace,"£48,895.33 ",25/10/1983,tk845900k,Driver,Maritsa McGann,Wife,07389 587 350
17-3967296,Tiffany Wessing,422 Darwin Lane,"£69,965.03 ",09/03/1983,fi082187y,Packager,Layne Laurenty,Boyfriend,07925 739 484
58-5912504,Nappy Ludmann,3329 Sheridan Junction,"£51,318.65 ",15/08/1991,ge941219f,Packager,El Grishagin,Husband,07888 438 593
98-3556505,Douglas MacArdle,14 Laurel Court,"£92,356.56 ",15/07/1991,wk661827y,Driver,Lynsey Moraleda,Wife,07652 112 844
37-1673392,Constantine Gilfillan,87 Washington Junction,"£32,245.83 ",01/12/1961,ct112101i,HR,Alasteir McKeand,Wife,07373 224 784
25-4103329,Elfrieda Slessar,5536 Stone Corner Terrace,"£64,639.39 ",02/02/1954,ri926857q,Driver,Baxie De Rye Barrett,Wife,07594 266 644
82-1629865,Dag Choules,53 Blue Bill Park Center,"£23,537.76 ",16/08/1998,dz430103g,Driver,Nikaniki Stenhouse,Husband,07585 388 400
66-1883695,Jorge Bonham,8 2nd Trail,"£33,284.78 ",19/03/1998,ql642076f,Driver,Tildy Donett,Civil Partner,07996 433 549
74-9747670,Hymie Dows,12 Dwight Terrace,"£62,699.64 ",16/11/1965,aq304702r,Driver,Gerik Graeser,Girlfriend,07753 745 592
77-2348932,Sal Dominy,88006 Charing Cross Hill,"£39,168.52 ",30/07/1994,ro907653y,HR,Verney Essam,Husband,07173 823 511
08-5459846,Leola Dayly,1 Tony Avenue,"£43,761.91 ",24/02/1995,xz369649i,Driver,Claudetta Plaistowe,Civil Partner,07358 746 653
82-2981878,Cherida Gocke,395 Comanche Center,"£31,735.68 ",06/12/1951,ej657352g,Driver,Erhart Husset,Boyfriend,07683 714 091
51-9601829,Maressa Hans,73 Coolidge Park,"£21,773.24 ",13/10/2001,er279775r,Driver,Nicol Dockray,Wife,07174 952 329
49-1036239,Onofredo Joontjes,938 2nd Way,"£36,626.20 ",01/04/1990,so040048u,Driver,Reinold Kaubisch,Husband,07005 138 853
78-9623211,Margaretha Kikke,24 Logan Circle,"£25,726.10 ",08/01/2000,uv389552l,Packager,Leshia Allcorn,Mother,07341 771 237
72-2448628,Gina Macrae,607 Northport Center,"£36,331.78 ",14/05/1961,tv211484w,Packager,Reeta Feary,Wife,07985 842 262
78-8816060,Marilyn Glassborow,6 Waubesa Crossing,"£90,675.10 ",19/11/1978,lh695834z,Driver,Rivy Gensavage,Husband,07544 911 166
06-3850682,Celinda Joberne,5 Jana Way,"£61,612.72 ",03/12/1993,lw782748u,Driver,Harmon Gindghill,Civil Partner,07285 352 836
52-5735024,Donica Hewell,2911 Southridge Hill,"£34,806.46 ",03/01/1978,wn058972w,Packager,Waylan Kochlin,Boyfriend,07629 713 818
02-6214516,Merrill Joust,75 Portage Center,"£51,515.84 ",16/01/1958,wa104983f,Driver,Amabelle Ferreiro,Wife,07395 862 130
57-2548391,Wynne Flowitt,8 Harbort Road,"£45,230.72 ",09/11/1961,ns537861h,Packager,Lesya Phebey,Wife,07741 907 270
79-5517945,Darryl Payfoot,62334 Prairie Rose Drive,"£84,841.60 ",15/10/1955,rc413749a,Packager,Daloris Lanon,Mother,07102 109 240
69-0393201,Lissa Egalton,28673 Bultman Junction,"£77,974.79 ",16/07/1978,ep586696m,Packager,Bernadene Lowey,Wife,07937 182 672
51-7472749,Bonnibelle Disley,9 Vermont Trail,"£32,710.49 ",30/07/1987,si278865g,Driver,Peyton MacShirie,Girlfriend,07219 511 447
62-6726896,Marje Cranage,15 Crescent Oaks Junction,"£82,421.91 ",23/02/1981,kt951067x,HR,Jabez Yewman,Father,07280 779 671
87-3376412,Michaela Shrieve,78 Raven Road,"£70,070.27 ",13/10/1958,jn422060l,Driver,Valaree Treadgold,Civil Partner,07427 564 348
62-7019089,Agnese Murrhardt,4666 Jay Court,"£88,965.75 ",18/12/1955,yz407625p,Driver,Bondie Schruyers,Father,07868 628 411
80-8617080,Salomi Lintin,29507 Bartillon Terrace,"£78,695.13 ",26/04/1985,cc846598u,Driver,Delainey Benedtti,Mother,07621 668 278
29-2785103,Agnes Dendon,158 Twin Pines Crossing,"£17,734.18 ",17/02/1986,kk792060s,Packager,Eimile Vial,Husband,07477 622 496
71-7837650,Shelley Camilletti,91311 Hauk Avenue,"£67,736.10 ",25/12/1974,yx527895g,Driver,Malory Hawes,Husband,07066 178 667
59-5937939,Blancha McMillian,59 Buhler Trail,"£89,177.07 ",21/07/1991,zp730277w,Driver,Lizbeth Curbishley,Father,07104 138 411
84-0386773,Nady Yvens,84 Mayer Court,"£82,751.39 ",26/05/1993,rs150649p,Driver,Randall Corriea,Husband,07654 630 110
51-6967096,Bertina Berard,1 Almo Place,"£21,320.75 ",18/10/1961,ed732328n,Driver,Shelly Gimblet,Boyfriend,07107 706 065
18-6142811,Starr Akhurst,42 Golf Course Hill,"£16,005.59 ",01/06/1951,qj120357r,Packager,Augustus Goodluck,Mother,07997 004 063
24-4585192,Elvira Vinson,37 Kipling Lane,"£91,216.82 ",10/06/1966,sa107205q,Packager,Nariko Illsley,Civil Partner,07008 281 309
28-7818998,Alfi MacFadzean,6 Old Shore Center,"£45,825.46 ",07/05/1983,tp307139n,Packager,Caz Dartnell,Mother,07448 651 046
19-6732633,Ferrell Lages,39705 Goodland Center,"£63,515.05 ",23/04/1996,xb032437g,Driver,Ramsey Denacamp,Boyfriend,07342 317 379
32-6251861,Frederic Ginnaly,2 Drewry Circle,"£98,924.54 ",02/10/1971,rs647299i,Packager,Terrijo Piatto,Husband,07870 877 830
14-6532726,Salim Cator,74 Lyons Place,"£40,060.04 ",30/05/1988,os724826w,Packager,Diannne Streight,Boyfriend,07974 403 769
40-6943405,Charlena Marques,2800 Dahle Avenue,"£83,307.32 ",24/11/1966,vz886203m,Driver,Marylinda Titta,Girlfriend,07410 675 062
72-9328783,Constantia Privett,162 Moland Terrace,"£25,686.80 ",29/01/1980,tx491950i,Packager,Bryan Shawdforth,Father,07939 930 407
85-4557957,Barr Eefting,234 Susan Lane,"£44,265.60 ",12/11/1976,ju063558q,Packager,Charla Crickmore,Boyfriend,07512 743 229
80-7941049,Chiarra Dundridge,04 Porter Avenue,"£67,648.79 ",10/01/1972,ps295181z,HR,Leroi Dingivan,Husband,07244 918 390
89-5714177,Bobbye Pottinger,4633 Scott Street,"£99,191.41 ",04/12/1953,vy437276r,Packager,Budd Follacaro,Girlfriend,07569 513 210
77-5513461,Noell Azam,66 Brown Hill,"£60,586.79 ",19/05/1974,zk782722r,Driver,Dante Snozzwell,Boyfriend,07066 007 108
85-0601601,Dotti Busek,32564 Veith Circle,"£12,043.56 ",06/06/1984,xc467370v,HR,Adam Roderighi,Husband,07503 037 843
36-1132600,Danyette Kendrew,1 Karstens Point,"£98,386.60 ",23/06/2000,dc106173c,Driver,Madonna McCague,Wife,07187 549 944
81-5031235,Gill Fulford,9 Susan Avenue,"£46,429.85 ",20/03/1968,vg667583e,Driver,Rafaellle Tweedlie,Wife,07036 754 544
54-9522118,Nari Chowne,169 Clemons Drive,"£40,585.75 ",17/01/1979,vm874796y,Manager,Ilsa McAusland,Boyfriend,07064 930 835
73-2251057,Lodovico Ashborne,7312 Shoshone Court,"£72,963.41 ",24/08/1983,cb298473a,Manager,Vilhelmina Wrangle,Mother,07750 131 976
37-8247167,Elaina Ramplee,9 Merry Hill,"£70,979.93 ",12/09/1983,eo273727q,Packager,Fidela Heaviside,Wife,07081 377 359
76-2985832,Desirae Gooch,6306 Reinke Circle,"£42,779.29 ",07/01/1979,uc493497v,Manager,Phillie Eles,Husband,07925 034 405
81-5228790,Rene Waddup,47 Southridge Parkway,"£40,348.66 ",08/08/1992,vy525798f,Driver,Katee Dilrew,Father,07612 660 166
08-7213723,Dorie Brazener,7720 Miller Way,"£14,357.12 ",19/01/1966,qa101983v,Driver,Melody Brotherwood,Wife,07735 358 950
39-1227728,Tandy Goodbourn,719 Sloan Drive,"£47,852.85 ",03/10/1996,go119787t,HR,Colette Reisk,Husband,07457 814 451
84-5153657,Catharine Sharpous,081 Hermina Trail,"£98,273.90 ",10/08/1983,vg979335t,Driver,Hamnet Hamly,Wife,07692 458 187
75-0124112,Jennica Welbeck,78916 Green Ridge Trail,"£57,947.01 ",18/04/1952,ma973579k,Packager,Abbey Waryk,Boyfriend,07260 273 133
89-1889473,Alysa Marley,0906 Duke Point,"£79,091.50 ",14/05/1988,ap444024o,Packager,Pattie Bohl,Girlfriend,07158 470 617
84-8762859,Hewett Collcutt,453 Emmet Center,"£21,438.35 ",05/07/1953,nk424390j,Driver,Izzy Ahlf,Father,07044 089 640
00-4334715,Stormie Lowndes,280 Thompson Plaza,"£66,017.87 ",20/11/1964,xn991742p,HR,Anastasia Camamile,Civil Partner,07043 627 535
66-2765926,Jacinta Partleton,3957 Hoard Place,"£96,193.45 ",15/10/1962,sh419152d,Driver,Rand Madrell,Civil Partner,07252 015 009
14-4001908,Wilmette Jerrom,6 Monica Way,"£34,082.14 ",30/10/1974,gb391445q,Packager,Zaneta Deddum,Mother,07529 897 607
87-8745898,Harwell Lain,11 Bartelt Terrace,"£60,453.87 ",31/01/1978,yz604658j,Packager,Elston Loins,Girlfriend,07930 606 296
05-3647243,Yank Vasilyonok,5 Debs Alley,"£38,871.26 ",23/02/1999,kc608204k,Packager,Arlie Korfmann,Husband,07348 062 445
33-0071114,Nola Wilcox,7055 Southridge Drive,"£61,500.70 ",06/01/1985,aq503711l,HR,Madelaine Hutt,Mother,07734 801 502
37-7900056,Victoir Loveitt,7 Judy Parkway,"£24,486.52 ",05/02/1996,vd479897l,Packager,Leon McCotter,Father,07126 636 219
68-7504033,Brandi Clayson,7 Myrtle Circle,"£37,302.00 ",22/11/1963,kn988197t,Driver,Glenden Livett,Civil Partner,07613 591 203
83-3514873,Roscoe Honeyghan,89 Golden Leaf Drive,"£93,281.90 ",11/11/1977,lv730967l,Packager,Ferrell Scruton,Boyfriend,07455 760 917
75-6891165,Robinett Iacopini,2224 Kensington Street,"£62,045.69 ",27/08/1961,lq983512u,Driver,Stepha Doohan,Husband,07728 862 325
54-1117411,Schuyler Stoffels,31 Carioca Terrace,"£41,087.65 ",20/09/1980,sh512546i,Driver,Sisely Castelin,Mother,07152 080 965
41-1429269,Jacki Rumin,84 Kipling Parkway,"£81,648.46 ",21/01/1991,rp562470q,Driver,Northrup Pittendreigh,Mother,07603 027 379
26-0938951,Fabe Lief,94 Gerald Crossing,"£56,639.65 ",02/01/1980,cc841112d,Driver,Kev Bradmore,Boyfriend,07180 333 916
63-1545651,Dedra MacConnulty,22342 Sauthoff Center,"£85,921.50 ",13/05/1989,zc732912g,Packager,Wallache Ropkins,Girlfriend,07410 226 285
76-0000021,Norton Bygrove,0412 Packers Lane,"£43,733.47 ",09/12/1952,xx491915v,HR,Agatha Nulty,Girlfriend,07895 871 178
96-1648398,Hugues Tavner,78 Parkside Point,"£37,393.68 ",03/12/1980,va219127u,Driver,Tobe Vazquez,Boyfriend,07936 699 391
92-9623071,Wait Prate,0367 Moose Hill,"£95,732.18 ",24/08/2000,bn415170d,Driver,Umberto Mulrooney,Boyfriend,07291 039 769
41-9645109,Merrel Miklem,00 Marcy Trail,"£39,131.10 ",27/07/2000,ls403208x,Driver,Creighton Hinzer,Girlfriend,07394 851 273
68-7037451,Saree Starling,1 Artisan Drive,"£34,145.23 ",07/10/1973,ct629800a,Packager,Duane Mitton,Civil Partner,07087 447 204
87-7188668,Salli Oulner,26 Pepper Wood Parkway,"£90,004.65 ",24/10/1957,kt389837b,HR,Kane Piers,Husband,07453 022 869
87-4453963,Sibeal Fullard,6296 Pleasure Road,"£46,783.79 ",16/12/1978,er088315j,Driver,Nonie Ledgard,Girlfriend,07316 951 272
49-9705882,Quentin Devine,09 Knutson Park,"£23,326.81 ",08/02/1962,fm907610k,Driver,Kass Haysman,Girlfriend,07480 332 736
18-9171336,Sallie Hardwell,6 Golf View Pass,"£80,829.14 ",20/09/1983,yx656704n,Packager,Marsh Abilowitz,Wife,07026 832 505
28-7012669,Rahel Gallo,798 Karstens Parkway,"£60,391.38 ",15/05/1997,kz848071o,HR,Ahmad Muge,Boyfriend,07028 898 207
49-1159362,Valeria Proschek,6 Red Cloud Court,"£97,436.14 ",18/02/1996,xd817271x,Driver,Der Merner,Girlfriend,07472 485 627
63-1925261,Willyt Ezzy,61751 Burrows Drive,"£14,811.14 ",12/06/1983,vy468006g,Driver,Sallyanne Minchinton,Father,07491 768 068
20-7194686,Carolin Jagson,57891 Bultman Circle,"£56,278.56 ",06/12/1953,yb039141a,HR,Grove Spellissy,Husband,07555 870 467
06-3776558,Kristofer Janson,18140 Straubel Road,"£94,483.61 ",01/03/1972,pw205885r,Packager,Boony Hardwell,Wife,07211 259 256
34-2817296,Jemmy Levens,298 Elka Alley,"£31,521.70 ",26/09/1950,dw387671h,Packager,Shannon Kesteven,Father,07543 934 498
96-0987852,Nataline Roycroft,52339 Eastlawn Crossing,"£81,005.05 ",04/06/1967,rc734008g,Packager,Danny Heinsen,Father,07194 408 632